StartDate,EndDate,Status,IPAddress,Progress,Duration (in seconds),Finished,RecordedDate,ResponseId,RecipientLastName,RecipientFirstName,RecipientEmail,ExternalReference,LocationLatitude,LocationLongitude,DistributionChannel,UserLanguage,Consent,NAT1,NAT2,NAT3,NAT4,NAT5,NAT6,PAT1,PAT2,PAT3,PAT4,PAT5,PAT6,PAT7,PAT8,PAT9,SDO1,SDO2,SDO3,SDO4,SDO5,SDO6,SDO7,SDO8,AUTH1,AUTH2,AUTH3,TRUMP,OFFIC_1,OFFIC_5,OFFIC_6,OFFIC_7,OFFIC_8,OFFIC_9,OFFIC_10,GEND,GEND_1,LIBCON,LEAN,PPP1,PPP1_4_TEXT,RSTRON,DSTRON,PLEAN,BORN,RACE,RACE_1,CITI,condition,MTurkCode,MemoryWords1,MemoryWords2
Start Date,End Date,Response Type,IP Address,Progress,Duration (in seconds),Finished,Recorded Date,Response ID,Recipient Last Name,Recipient First Name,Recipient Email,External Data Reference,Location Latitude,Location Longitude,Distribution Channel,User Language,Consent metadata,"In view of America’s moral and material superiority, it is only right that we should have the biggest say in deciding United Nations policy.",This country must continue to lead the “Free World.”,"We should do anything necessary to increase the power of our country, even if it means war.",Sometimes it is necessary for our country to make war on other countries for their own good.,The important thing for the U.S. foreign aid program is to see to it that the U.S. gains a political advantage.,"Generally, the more influence America has on other nations, the better off they are.",I am proud to be American.,Flag burning should be illegal.,"In American public schools, every day should begin with the Pledge of Allegiance.",I believe in mandatory military service by all citizens of the United States in the armed forces.,The United States suffers when patriotism wanes.,Patriots are the ones who have made this country great.,Other countries should be happy to have American intervention and influence.,"In general, I’m glad to be American.",I would describe myself as a patriot.,An ideal society requires some groups to be on top and others to be on the bottom.,Some groups of people are simply inferior to other groups.,No one group should dominate in society.,Groups at the bottom are just as deserving as groups at the top.,Group equality should not be our primary goal.,It is unjust to try to make groups equal.,We should do what we can to equalize conditions for different groups.,We should work to give all groups an equal chance to succeed.,Our country needs a strong leader who will do what has to be done to stop the ways that are ruining us.,"What our country really needs is a strong, determined leader who will crush evil.",Obedience and respect for authority are the most important virtues children should learn.,Do you approve or disapprove of the way Donald Trump is handling his job as President?,"Using the sliders, please indicate how you feel right now toward the following public officials: - Elizabeth Warren","Using the sliders, please indicate how you feel right now toward the following public officials: - Donald Trump","Using the sliders, please indicate how you feel right now toward the following public officials: - Bernie Sanders","Using the sliders, please indicate how you feel right now toward the following public officials: - Nancy Pelosi","Using the sliders, please indicate how you feel right now toward the following public officials: - Mitch McConnell","Using the sliders, please indicate how you feel right now toward the following public officials: - Brett Kavanaugh","Using the sliders, please indicate how you feel right now toward the following public officials: - Joe Biden",What is your gender?,What is your gender?,"When it comes to politics, do you usually think of yourself as extremely liberal, somewhat liberal, slightly liberal, moderate or middle of the road, slightly conservative, somewhat conservative, extremely conservative, or haven't you thought much about this?","If you had to choose, would you consider yourself a liberal or a
conservative?","Generally speaking, do you usually think of yourself as a Republican, a Democrat, an independent, or what? - Selected Choice","Generally speaking, do you usually think of yourself as a Republican, a Democrat, an independent, or what? - Another party (please specify) - Text",Would you call yourself a strong Republican or a not very strong Republican?,Would you call yourself a strong Democrat or a not very strong Democrat?,Do you think of yourself as closer to the Republican Party or Democratic Party?,What year were you born?,How would you describe your ethnicity/race? (Please check all that apply),How would you describe your race/ethnicity?,Are you a citizen of the U.S.A.?,condition,MTurkCode,MemoryWords1,MemoryWords2
"{""ImportId"":""startDate"",""timeZone"":""America/Denver""}","{""ImportId"":""endDate"",""timeZone"":""America/Denver""}","{""ImportId"":""status""}","{""ImportId"":""ipAddress""}","{""ImportId"":""progress""}","{""ImportId"":""duration""}","{""ImportId"":""finished""}","{""ImportId"":""recordedDate"",""timeZone"":""America/Denver""}","{""ImportId"":""_recordId""}","{""ImportId"":""recipientLastName""}","{""ImportId"":""recipientFirstName""}","{""ImportId"":""recipientEmail""}","{""ImportId"":""externalDataReference""}","{""ImportId"":""locationLatitude""}","{""ImportId"":""locationLongitude""}","{""ImportId"":""distributionChannel""}","{""ImportId"":""userLanguage""}",Consent Metadata,"{""ImportId"":""QID416""}","{""ImportId"":""QID417""}","{""ImportId"":""QID418""}","{""ImportId"":""QID419""}","{""ImportId"":""QID420""}","{""ImportId"":""QID421""}","{""ImportId"":""QID428""}","{""ImportId"":""QID429""}","{""ImportId"":""QID430""}","{""ImportId"":""QID431""}","{""ImportId"":""QID432""}","{""ImportId"":""QID433""}","{""ImportId"":""QID434""}","{""ImportId"":""QID435""}","{""ImportId"":""QID436""}","{""ImportId"":""QID440""}","{""ImportId"":""QID441""}","{""ImportId"":""QID442""}","{""ImportId"":""QID443""}","{""ImportId"":""QID444""}","{""ImportId"":""QID445""}","{""ImportId"":""QID446""}","{""ImportId"":""QID447""}","{""ImportId"":""QID234""}","{""ImportId"":""QID236""}","{""ImportId"":""QID260""}","{""ImportId"":""QID389""}","{""ImportId"":""QID390_1""}","{""ImportId"":""QID390_5""}","{""ImportId"":""QID390_6""}","{""ImportId"":""QID390_7""}","{""ImportId"":""QID390_8""}","{""ImportId"":""QID390_9""}","{""ImportId"":""QID390_10""}","{""ImportId"":""QID80""}","{""ImportId"":""QID465_TEXT""}","{""ImportId"":""QID82""}","{""ImportId"":""QID188""}","{""ImportId"":""QID254""}","{""ImportId"":""QID254_4_TEXT""}","{""ImportId"":""QID255""}","{""ImportId"":""QID256""}","{""ImportId"":""QID257""}","{""ImportId"":""QID182""}","{""ImportId"":""QID81""}","{""ImportId"":""QID466_TEXT""}","{""ImportId"":""QID90""}","{""ImportId"":""condition""}","{""ImportId"":""MTurkCode""}","{""ImportId"":""MemoryWords1""}","{""ImportId"":""MemoryWords2""}"
2/10/20 12:39,2/10/20 12:43,IP Address,00.000.0.00,100,237,TRUE,2/10/20 12:43,R_0000000000000000,,,,,0,0,anonymous,EN,Yes,Slightly agree,Somewhat agree,Neither agree nor disagree,Neither agree nor disagree,Slightly disagree,Somewhat agree,Strongly agree,Neither agree nor disagree,Strongly agree,Somewhat disagree,Strongly agree,Strongly agree,Neither agree nor disagree,Strongly agree,Strongly agree,Slightly disagree,Neither agree nor disagree,Somewhat agree,Neither agree nor disagree,Neither agree nor disagree,Somewhat disagree,Strongly agree,Strongly agree,Somewhat agree,Somewhat agree,Neither agree nor disagree,Somewhat approve,50,85,50,10,50,76,40,Male,,Slightly conservative,,Republican,,Not very strong Republican,,,1966,White or European American,,Yes,0,12345678,"happy,tree,fun","apple, good, bottle"
2/10/20 14:07,2/10/20 14:10,IP Address,00.000.0.00,100,167,TRUE,2/10/20 14:10,R_0000000000000000,,,,,0,0,anonymous,EN,Yes,Neither agree nor disagree,Slightly agree,Slightly disagree,Slightly disagree,Neither agree nor disagree,Neither agree nor disagree,Somewhat agree,Strongly agree,Neither agree nor disagree,Strongly disagree,Neither agree nor disagree,Neither agree nor disagree,Neither agree nor disagree,Somewhat agree,Neither agree nor disagree,Somewhat disagree,Somewhat disagree,Somewhat agree,Somewhat agree,Slightly disagree,Slightly disagree,Slightly agree,Slightly agree,Slightly agree,Slightly agree,Somewhat agree,Strongly disapprove,51,0,79,51,51,51,26,Male,,"Moderate, middle of the road",,Independent voter,,,,Neither party,1981,White or European American,,Yes,1,12345678,"happy, tree, bottle","apple, good , fun"
2/10/20 14:11,2/10/20 14:13,IP Address,00.000.0.00,100,150,TRUE,2/10/20 14:13,R_0000000000000000,,,,,0,0,anonymous,EN,Yes,Strongly disagree,Somewhat disagree,Strongly disagree,Strongly disagree,Strongly disagree,Strongly disagree,Slightly disagree,Strongly disagree,Strongly disagree,Strongly disagree,Somewhat disagree,Somewhat disagree,Neither agree nor disagree,Slightly disagree,Strongly disagree,Strongly disagree,Strongly disagree,Strongly agree,Strongly agree,Strongly disagree,Strongly disagree,Strongly agree,Strongly agree,Somewhat agree,Somewhat agree,Somewhat disagree,Strongly disapprove,54,0,100,4,0,1,0,Male,,Very liberal,,Another party (please specify),Socialist,,,Democratic Party,1993,White or European American,,Yes,2,12345678,"apple, good, bottle","happy, tree, fun"
2/10/20 14:12,2/10/20 14:15,IP Address,00.000.0.00,100,200,TRUE,2/10/20 14:15,R_0000000000000000,,,,,0,0,anonymous,EN,Yes,Somewhat disagree,Somewhat disagree,Strongly disagree,Strongly disagree,Somewhat disagree,Somewhat disagree,Slightly agree,Somewhat disagree,Somewhat disagree,Somewhat disagree,Somewhat disagree,Neither agree nor disagree,Somewhat disagree,Slightly agree,Somewhat disagree,Strongly disagree,Strongly disagree,Strongly agree,Somewhat agree,Somewhat disagree,Somewhat disagree,Strongly agree,Strongly agree,Neither agree nor disagree,Neither agree nor disagree,Somewhat disagree,Strongly disapprove,60,10,90,50,30,50,30,Female,,Somewhat liberal,,Democrat,,,Not very strong Democrat,,1987,White or European American,,Yes,0,12345678,"happy, good, bottle","apple, tree, fun"
2/10/20 14:13,2/10/20 14:16,IP Address,00.000.0.00,100,215,TRUE,2/10/20 14:16,R_0000000000000000,,,,,0,0,anonymous,EN,Yes,Strongly disagree,Somewhat disagree,Strongly disagree,Strongly disagree,Somewhat agree,Strongly disagree,Neither agree nor disagree,Neither agree nor disagree,Neither agree nor disagree,Strongly disagree,Neither agree nor disagree,Neither agree nor disagree,Strongly disagree,Somewhat agree,Neither agree nor disagree,Strongly disagree,Strongly disagree,Strongly agree,Strongly agree,Strongly disagree,Strongly disagree,Strongly agree,Strongly agree,Strongly agree,Strongly agree,Slightly disagree,Strongly disapprove,80,0,100,51,1,0,26,Female,,"Moderate, middle of the road",,Democrat,,,Not very strong Democrat,,1980,"White or European American,Middle Eastern  or Arab American",,Yes,0,12345678,"apple, tree, happy","fun, good, bottle"
2/10/20 14:13,2/10/20 14:17,IP Address,00.000.0.00,100,213,TRUE,2/10/20 14:17,R_0000000000000000,,,,,0,0,anonymous,EN,Yes,Strongly disagree,Neither agree nor disagree,Strongly disagree,Strongly disagree,Strongly disagree,Strongly disagree,Strongly agree,Strongly agree,Strongly agree,Strongly disagree,Somewhat agree,Strongly agree,Strongly disagree,Strongly agree,Neither agree nor disagree,Strongly disagree,Strongly disagree,Strongly agree,Strongly agree,Strongly disagree,Strongly disagree,Strongly agree,Strongly agree,Slightly agree,Strongly disagree,Somewhat disagree,Strongly disapprove,20,0,100,0,50,50,0,Female,,Somewhat liberal,,Democrat,,,Strong Democrat,,1976,White or European American,,Yes,2,12345678,"happy,tree,fun","apple, good, bottle"
2/10/20 14:12,2/10/20 14:17,IP Address,00.000.0.00,100,318,TRUE,2/10/20 14:17,R_0000000000000000,,,,,0,0,anonymous,EN,Yes,Neither agree nor disagree,Slightly agree,Neither agree nor disagree,Neither agree nor disagree,Neither agree nor disagree,Neither agree nor disagree,Strongly agree,Strongly agree,Strongly agree,Neither agree nor disagree,Strongly agree,Strongly agree,Neither agree nor disagree,Strongly agree,Strongly agree,Slightly agree,Strongly disagree,Slightly agree,Neither agree nor disagree,Strongly agree,Somewhat agree,Neither agree nor disagree,Somewhat agree,Strongly agree,Strongly agree,Slightly agree,Strongly approve,0,100,0,0,100,100,39,Female,,"Moderate, middle of the road",,Independent voter,,,,Neither party,1960,"White or European American,Native American, American Indian, or Alaskan Native",,Yes,2,12345678,"happy, tree, bottle","apple, good , fun"
2/10/20 14:14,2/10/20 14:18,IP Address,00.000.0.00,100,255,TRUE,2/10/20 14:18,R_0000000000000000,,,,,0,0,anonymous,EN,Yes,Neither agree nor disagree,Neither agree nor disagree,Strongly disagree,Strongly disagree,Slightly disagree,Neither agree nor disagree,Slightly agree,Strongly disagree,Neither agree nor disagree,Strongly disagree,Strongly disagree,Somewhat disagree,Neither agree nor disagree,Somewhat agree,Somewhat disagree,Strongly disagree,Strongly disagree,Strongly agree,Strongly agree,Strongly disagree,Strongly disagree,Strongly agree,Strongly agree,Somewhat disagree,Strongly disagree,Somewhat disagree,Strongly disapprove,83,0,100,76,29,51,63,Female,,Very liberal,,Independent voter,,,,Democratic Party,,White or European American,,Yes,1,12345678,"apple, good, bottle","happy, tree, fun"
2/10/20 14:09,2/10/20 14:11,IP Address,00.000.0.00,12,129,FALSE,2/10/20 18:11,R_0000000000000000,,,,,0,0,anonymous,EN,No,,,,,,,,,,,,,,,,,,,,,,,,,,,,,,,,,,,Female,,,,,,,,,,,,,0,12345678,"happy, good, bottle","apple, tree, fun"
2/10/20 14:28,2/10/20 14:28,IP Address,00.000.0.00,12,8,FALSE,2/10/20 18:29,R_0000000000000000,,,,,0,0,anonymous,EN,No,,,,,,,,,,,,,,,,,,,,,,,,,,,,,,,,,,,Male,,,,,,,,,,,,,2,12345678,"apple, tree, happy","fun, good, bottle"
2/12/20 18:48,2/12/20 18:50,IP Address,00.000.0.00,100,131,TRUE,2/12/20 18:50,R_0000000000000000,,,,,0,0,anonymous,EN,Yes,Somewhat disagree,Neither agree nor disagree,Strongly disagree,Strongly disagree,Somewhat disagree,Strongly disagree,Neither agree nor disagree,Somewhat disagree,Strongly disagree,Strongly disagree,Strongly disagree,Strongly disagree,Strongly disagree,Somewhat agree,Somewhat disagree,Strongly disagree,Strongly disagree,Strongly agree,Strongly agree,Strongly disagree,Strongly disagree,Strongly agree,Strongly agree,Strongly disagree,Strongly disagree,Somewhat disagree,Strongly disapprove,95,0,95,90,0,0,75,Male,,Very liberal,,Democrat,,,Strong Democrat,,1981,White or European American,,Yes,0,12345678,"happy,tree,fun","apple, good, bottle"
2/12/20 18:48,2/12/20 18:50,IP Address,00.000.0.00,100,142,TRUE,2/12/20 18:50,R_0000000000000000,,,,,0,0,anonymous,EN,Yes,Somewhat agree,Somewhat agree,Slightly disagree,Slightly disagree,Strongly agree,Somewhat disagree,Somewhat agree,Somewhat disagree,Slightly agree,Strongly disagree,Slightly agree,Slightly agree,Slightly disagree,Somewhat agree,Somewhat disagree,Slightly agree,Somewhat agree,Slightly disagree,Somewhat disagree,Strongly agree,Strongly agree,Slightly disagree,Slightly disagree,Slightly disagree,Slightly disagree,Somewhat disagree,Somewhat approve,22,72,17,29,55,53,36,Male,,Somewhat conservative,,Republican,,Not very strong Republican,,,1982,White or European American,,Yes,1,12345678,"happy, tree, bottle","apple, good , fun"
2/12/20 18:48,2/12/20 18:50,IP Address,00.000.0.00,100,133,TRUE,2/12/20 18:50,R_0000000000000000,,,,,0,0,anonymous,EN,Yes,Strongly disagree,Somewhat agree,Strongly disagree,Neither agree nor disagree,Strongly disagree,Strongly disagree,Somewhat disagree,Strongly disagree,Strongly disagree,Strongly disagree,Strongly disagree,Strongly disagree,Strongly disagree,Neither agree nor disagree,Strongly disagree,Strongly disagree,Strongly disagree,Strongly agree,Strongly agree,Strongly agree,Strongly agree,Neither agree nor disagree,Neither agree nor disagree,Strongly disagree,Strongly disagree,Somewhat disagree,Strongly disapprove,100,0,0,92,0,0,20,Male,,"Moderate, middle of the road",,Democrat,,,Not very strong Democrat,,1980,White or European American,,Yes,0,12345678,"apple, good, bottle","happy, tree, fun"
2/12/20 18:48,2/12/20 18:50,IP Address,00.000.0.00,100,105,TRUE,2/12/20 18:50,R_0000000000000000,,,,,0,0,anonymous,EN,Yes,Slightly disagree,Slightly disagree,Slightly disagree,Slightly disagree,Slightly disagree,Slightly disagree,Slightly disagree,Slightly disagree,Strongly disagree,Strongly disagree,Slightly disagree,Slightly disagree,Slightly disagree,Slightly disagree,Slightly disagree,Slightly disagree,Slightly disagree,Slightly disagree,Somewhat agree,Slightly disagree,Slightly disagree,Slightly agree,Slightly agree,Slightly agree,Slightly agree,Slightly agree,Somewhat disapprove,69,22,74,68,42,49,72,Female,,Somewhat liberal,,Democrat,,,Not very strong Democrat,,1997,White or European American,,Yes,2,12345678,"happy, good, bottle","apple, tree, fun"
2/12/20 18:48,2/12/20 18:50,IP Address,00.000.0.00,100,158,TRUE,2/12/20 18:50,R_0000000000000000,,,,,0,0,anonymous,EN,Yes,Slightly disagree,Slightly agree,Neither agree nor disagree,Slightly agree,Slightly agree,Slightly agree,Somewhat agree,Strongly agree,Somewhat agree,Strongly disagree,Neither agree nor disagree,Slightly agree,Neither agree nor disagree,Somewhat agree,Slightly agree,Somewhat agree,Neither agree nor disagree,Neither agree nor disagree,Neither agree nor disagree,Strongly agree,Strongly agree,Neither agree nor disagree,Neither agree nor disagree,Somewhat agree,Somewhat agree,Neither agree nor disagree,Slightly approve,0,25,0,0,20,15,5,Female,,"Moderate, middle of the road",,Independent voter,,,,Republican Party,1985,White or European American,,Yes,2,12345678,"apple, tree, happy","fun, good, bottle"
2/12/20 18:48,2/12/20 18:51,IP Address,00.000.0.00,100,147,TRUE,2/12/20 18:51,R_0000000000000000,,,,,0,0,anonymous,EN,Yes,Somewhat agree,Strongly agree,Strongly agree,Slightly agree,Strongly agree,Strongly agree,Strongly agree,Slightly agree,Somewhat agree,Strongly agree,Somewhat agree,Slightly agree,Strongly agree,Somewhat agree,Strongly agree,Slightly disagree,Somewhat agree,Somewhat agree,Strongly agree,Slightly disagree,Slightly agree,Neither agree nor disagree,Strongly agree,Somewhat agree,Strongly agree,Strongly agree,Slightly approve,0,95,0,0,20,90,0,Male,,Slightly conservative,,Republican,,Not very strong Republican,,,1994,"East Asian or Asian American,Hawaiian American or Pacific Islander",,Yes,0,12345678,"happy,tree,fun","apple, good, bottle"
2/12/20 18:48,2/12/20 18:51,IP Address,00.000.0.00,100,174,TRUE,2/12/20 18:51,R_0000000000000000,,,,,0,0,anonymous,EN,Yes,Strongly disagree,Slightly agree,Strongly disagree,Strongly disagree,Slightly disagree,Somewhat disagree,Slightly disagree,Strongly disagree,Strongly disagree,Strongly disagree,Slightly disagree,Neither agree nor disagree,Somewhat disagree,Strongly agree,Somewhat disagree,Strongly disagree,Strongly disagree,Strongly agree,Strongly agree,Strongly disagree,Strongly disagree,Strongly agree,Strongly agree,Strongly disagree,Strongly disagree,Somewhat disagree,Strongly disapprove,90,0,75,60,0,0,25,Female,,Somewhat liberal,,Democrat,,,Strong Democrat,,1978,White or European American,,Yes,1,12345678,"happy, tree, bottle","apple, good , fun"
2/12/20 18:48,2/12/20 18:51,IP Address,00.000.0.00,100,188,TRUE,2/12/20 18:51,R_0000000000000000,,,,,0,0,anonymous,EN,Yes,Strongly disagree,Strongly disagree,Strongly disagree,Strongly disagree,Strongly disagree,Strongly disagree,Strongly disagree,Strongly disagree,Strongly disagree,Strongly disagree,Strongly disagree,Strongly disagree,Strongly disagree,Strongly disagree,Strongly disagree,Strongly disagree,Strongly disagree,Strongly agree,Strongly agree,Strongly disagree,Strongly disagree,Strongly agree,Strongly agree,Strongly disagree,Strongly disagree,Strongly disagree,Strongly disapprove,100,0,0,100,0,0,32,Female,,Very liberal,,Democrat,,,Strong Democrat,,1972,White or European American,,Yes,2,12345678,"apple, good, bottle","happy, tree, fun"
2/12/20 18:50,2/12/20 18:52,IP Address,00.000.0.00,100,94,TRUE,2/12/20 18:52,R_0000000000000000,,,,,0,0,anonymous,EN,Yes,Strongly disagree,Strongly disagree,Strongly disagree,Strongly disagree,Strongly disagree,Strongly disagree,Strongly disagree,Slightly disagree,Strongly disagree,Strongly disagree,Strongly disagree,Strongly disagree,Strongly disagree,Strongly disagree,Strongly disagree,Strongly disagree,Strongly disagree,Strongly agree,Strongly agree,Strongly disagree,Strongly disagree,Strongly agree,Strongly agree,Strongly disagree,Strongly disagree,Strongly disagree,Strongly disapprove,51,0,87,51,0,0,43,Female,,Very liberal,,Democrat,,,Strong Democrat,,1996,White or European American,,Yes,0,12345678,"happy, good, bottle","apple, tree, fun"
2/12/20 18:49,2/12/20 18:52,IP Address,00.000.0.00,100,164,TRUE,2/12/20 18:52,R_0000000000000000,,,,,0,0,anonymous,EN,Yes,Slightly agree,Strongly agree,Strongly disagree,Strongly disagree,Slightly disagree,Slightly agree,Strongly agree,Strongly agree,Somewhat agree,Slightly disagree,Slightly disagree,Slightly disagree,Somewhat agree,Strongly agree,Somewhat agree,Slightly agree,Slightly disagree,Strongly agree,Slightly disagree,Somewhat disagree,Slightly disagree,Somewhat agree,Strongly agree,Strongly agree,Strongly agree,Somewhat agree,Somewhat approve,79,75,95,97,63,61,80,Male,,Slightly liberal,,Independent voter,,,,Democratic Party,1990,"Black, Afro-Caribbean, or African American",,Yes,0,12345678,"apple, tree, happy","fun, good, bottle"
2/12/20 18:49,2/12/20 18:52,IP Address,00.000.0.00,100,210,TRUE,2/12/20 18:52,R_0000000000000000,,,,,0,0,anonymous,EN,Yes,Strongly disagree,Somewhat agree,Strongly disagree,Strongly disagree,Strongly disagree,Somewhat disagree,Neither agree nor disagree,Somewhat disagree,Strongly disagree,Strongly disagree,Somewhat disagree,Neither agree nor disagree,Somewhat disagree,Slightly agree,Neither agree nor disagree,Strongly disagree,Strongly disagree,Strongly agree,Strongly agree,Strongly agree,Strongly disagree,Strongly agree,Strongly agree,Somewhat agree,Neither agree nor disagree,Strongly disagree,Strongly disapprove,100,0,100,33,0,6,18,Female,,Very liberal,,Democrat,,,Strong Democrat,,1972,White or European American,,Yes,1,12345678,"happy,tree,fun","apple, good, bottle"
2/12/20 18:48,2/12/20 18:52,IP Address,00.000.0.00,100,236,TRUE,2/12/20 18:52,R_0000000000000000,,,,,0,0,anonymous,EN,Yes,Neither agree nor disagree,Neither agree nor disagree,Neither agree nor disagree,Neither agree nor disagree,Neither agree nor disagree,Neither agree nor disagree,Strongly agree,Neither agree nor disagree,Neither agree nor disagree,Strongly disagree,Neither agree nor disagree,Neither agree nor disagree,Strongly agree,Strongly agree,Neither agree nor disagree,Strongly agree,Strongly agree,Neither agree nor disagree,Strongly agree,Neither agree nor disagree,Strongly agree,Neither agree nor disagree,Strongly agree,Strongly agree,Strongly agree,Strongly agree,Somewhat approve,100,100,100,80,80,100,100,Female,,Somewhat conservative,,Republican,,Strong Republican,,,1976,White or European American,,Yes,1,12345678,"happy, tree, bottle","apple, good , fun"
2/12/20 18:50,2/12/20 18:52,IP Address,00.000.0.00,100,125,TRUE,2/12/20 18:52,R_0000000000000000,,,,,0,0,anonymous,EN,Yes,Strongly disagree,Strongly disagree,Strongly disagree,Strongly disagree,Strongly disagree,Strongly disagree,Somewhat disagree,Neither agree nor disagree,Slightly disagree,Strongly disagree,Somewhat disagree,Strongly disagree,Strongly disagree,Somewhat disagree,Strongly disagree,Strongly disagree,Strongly disagree,Strongly agree,Strongly agree,Somewhat disagree,Strongly disagree,Somewhat agree,Somewhat agree,Slightly disagree,Slightly disagree,Strongly disagree,Somewhat disapprove,30,20,55,30,30,30,29,Male,,Slightly liberal,,Democrat,,,Not very strong Democrat,,1992,White or European American,,Yes,1,12345678,"apple, good, bottle","happy, tree, fun"
2/12/20 18:49,2/12/20 18:53,IP Address,00.000.0.00,100,206,TRUE,2/12/20 18:53,R_0000000000000000,,,,,0,0,anonymous,EN,Yes,Strongly disagree,Slightly disagree,Strongly disagree,Strongly disagree,Strongly disagree,Strongly disagree,Neither agree nor disagree,Strongly disagree,Strongly disagree,Strongly disagree,Strongly disagree,Strongly disagree,Strongly disagree,Slightly agree,Neither agree nor disagree,Strongly disagree,Strongly disagree,Strongly agree,Strongly agree,Strongly disagree,Strongly disagree,Strongly agree,Strongly agree,Strongly disagree,Strongly disagree,Strongly disagree,Strongly disapprove,86,0,75,79,0,5,71,Male,,Somewhat liberal,,Democrat,,,Strong Democrat,,1955,White or European American,,Yes,2,12345678,"happy, good, bottle","apple, tree, fun"
2/12/20 18:49,2/12/20 18:53,IP Address,00.000.0.00,100,195,TRUE,2/12/20 18:53,R_0000000000000000,,,,,0,0,anonymous,EN,Yes,Strongly disagree,Neither agree nor disagree,Strongly disagree,Strongly disagree,Neither agree nor disagree,Neither agree nor disagree,Somewhat disagree,Strongly disagree,Strongly disagree,Strongly disagree,Neither agree nor disagree,Neither agree nor disagree,Somewhat disagree,Somewhat disagree,Somewhat disagree,Somewhat disagree,Somewhat disagree,Somewhat agree,Somewhat agree,Somewhat disagree,Somewhat disagree,Somewhat agree,Somewhat agree,Neither agree nor disagree,Neither agree nor disagree,Somewhat disagree,Neither approve nor disapprove,50,50,50,50,50,50,50,Male,,Very liberal,,Independent voter,,,,Neither party,1993,White or European American,,Yes,1,12345678,"apple, tree, happy","fun, good, bottle"
2/12/20 18:48,2/12/20 18:53,IP Address,00.000.0.00,100,265,TRUE,2/12/20 18:53,R_0000000000000000,,,,,0,0,anonymous,EN,Yes,Somewhat disagree,Neither agree nor disagree,Somewhat disagree,Strongly disagree,Somewhat disagree,Strongly disagree,Somewhat disagree,Strongly disagree,Strongly disagree,Strongly disagree,Somewhat disagree,Strongly disagree,Strongly disagree,Somewhat disagree,Neither agree nor disagree,Strongly disagree,Strongly disagree,Strongly agree,Strongly agree,Strongly disagree,Strongly disagree,Strongly agree,Strongly agree,Strongly disagree,Strongly disagree,Strongly disagree,Strongly disapprove,85,0,85,55,0,0,50,Male,,Somewhat liberal,,Democrat,,,Strong Democrat,,1984,White or European American,,Yes,1,12345678,"happy,tree,fun","apple, good, bottle"
2/12/20 18:50,2/12/20 18:53,IP Address,00.000.0.00,100,138,TRUE,2/12/20 18:53,R_0000000000000000,,,,,0,0,anonymous,EN,Yes,Neither agree nor disagree,Strongly agree,Strongly disagree,Strongly disagree,Somewhat agree,Neither agree nor disagree,Slightly agree,Neither agree nor disagree,Neither agree nor disagree,Somewhat agree,Neither agree nor disagree,Neither agree nor disagree,Slightly agree,Slightly agree,Neither agree nor disagree,Neither agree nor disagree,Slightly agree,Strongly agree,Neither agree nor disagree,Neither agree nor disagree,Somewhat disagree,Somewhat agree,Strongly agree,Neither agree nor disagree,Neither agree nor disagree,Neither agree nor disagree,Strongly disapprove,45,0,100,30,0,0,15,Male,,"Moderate, middle of the road",,Independent voter,,,,Democratic Party,1982,White or European American,,Yes,0,12345678,"happy, tree, bottle","apple, good , fun"
2/12/20 18:52,2/12/20 18:53,IP Address,00.000.0.00,100,66,TRUE,2/12/20 18:53,R_0000000000000000,,,,,0,0,anonymous,EN,Yes,Strongly agree,Strongly agree,Somewhat agree,Strongly agree,Strongly agree,Neither agree nor disagree,Strongly agree,Strongly agree,Strongly agree,Somewhat agree,Strongly agree,Strongly agree,Strongly agree,Somewhat agree,Strongly agree,Strongly agree,Strongly agree,Strongly agree,Strongly agree,Somewhat agree,Slightly disagree,Slightly agree,Strongly agree,Strongly agree,Strongly agree,Strongly agree,Strongly disapprove,81,75,72,56,76,83,72,Male,,Somewhat liberal,,Independent voter,,,,Democratic Party,,White or European American,,Yes,2,12345678,"apple, good, bottle","happy, tree, fun"
2/12/20 18:51,2/12/20 18:53,IP Address,00.000.0.00,100,145,TRUE,2/12/20 18:53,R_0000000000000000,,,,,0,0,anonymous,EN,Yes,Neither agree nor disagree,Slightly agree,Somewhat disagree,Slightly disagree,Slightly disagree,Slightly disagree,Slightly agree,Somewhat agree,Strongly disagree,Neither agree nor disagree,Slightly agree,Slightly agree,Slightly disagree,Slightly agree,Slightly agree,Strongly disagree,Strongly disagree,Strongly agree,Strongly agree,Strongly disagree,Strongly disagree,Strongly agree,Strongly agree,Somewhat disagree,Strongly disagree,Somewhat disagree,Strongly disapprove,77,0,85,58,8,7,52,Female,,Somewhat liberal,,Democrat,,,Not very strong Democrat,,1967,White or European American,,Yes,1,12345678,"happy, good, bottle","apple, tree, fun"
2/12/20 18:48,2/12/20 18:54,IP Address,00.000.0.00,100,330,TRUE,2/12/20 18:54,R_0000000000000000,,,,,0,0,anonymous,EN,Yes,Strongly disagree,Somewhat disagree,Strongly disagree,Slightly disagree,Somewhat disagree,Strongly disagree,Neither agree nor disagree,Strongly disagree,Somewhat disagree,Strongly disagree,Strongly disagree,Somewhat disagree,Slightly disagree,Neither agree nor disagree,Strongly disagree,Strongly disagree,Strongly disagree,Strongly agree,Strongly agree,Strongly disagree,Strongly disagree,Strongly agree,Strongly agree,Strongly disagree,Strongly disagree,Strongly agree,Strongly disapprove,66,0,98,30,0,1,9,Male,,Very liberal,,Independent voter,,,,Democratic Party,1983,"White or European American,East Asian or Asian American,Hawaiian American or Pacific Islander",,Yes,2,12345678,"apple, tree, happy","fun, good, bottle"
2/12/20 18:50,2/12/20 18:54,IP Address,00.000.0.00,100,241,TRUE,2/12/20 18:54,R_0000000000000000,,,,,0,0,anonymous,EN,Yes,Neither agree nor disagree,Neither agree nor disagree,Neither agree nor disagree,Strongly agree,Strongly agree,Neither agree nor disagree,Neither agree nor disagree,Neither agree nor disagree,Neither agree nor disagree,Neither agree nor disagree,Slightly agree,Neither agree nor disagree,Neither agree nor disagree,Strongly agree,Neither agree nor disagree,Somewhat agree,Somewhat agree,Neither agree nor disagree,Neither agree nor disagree,Neither agree nor disagree,Neither agree nor disagree,Neither agree nor disagree,Slightly disagree,Slightly agree,Neither agree nor disagree,Slightly agree,Strongly disapprove,50,0,50,0,0,0,50,Female,,Slightly liberal,,Democrat,,,Not very strong Democrat,,1969,My race/ethnicity is not listed,Multiracial,Yes,1,12345678,"happy,tree,fun","apple, good, bottle"
2/12/20 18:48,2/12/20 18:54,IP Address,00.000.0.00,100,350,TRUE,2/12/20 18:54,R_0000000000000000,,,,,0,0,anonymous,EN,Yes,Strongly disagree,Slightly disagree,Strongly disagree,Slightly agree,Strongly disagree,Neither agree nor disagree,Strongly agree,Somewhat disagree,Slightly agree,Strongly disagree,Somewhat disagree,Neither agree nor disagree,Slightly disagree,Strongly agree,Slightly agree,Strongly disagree,Somewhat disagree,Strongly agree,Somewhat agree,Somewhat disagree,Somewhat disagree,Strongly agree,Somewhat agree,Strongly disagree,Strongly disagree,Slightly disagree,Strongly disapprove,100,0,72,55,10,11,51,Female,,Somewhat liberal,,Democrat,,,Strong Democrat,,1968,White or European American,,Yes,0,12345678,"happy, tree, bottle","apple, good , fun"
2/12/20 18:51,2/12/20 18:54,IP Address,00.000.0.00,100,211,TRUE,2/12/20 18:54,R_0000000000000000,,,,,0,0,anonymous,EN,Yes,Somewhat disagree,Neither agree nor disagree,Slightly disagree,Somewhat disagree,Neither agree nor disagree,Somewhat disagree,Slightly agree,Somewhat agree,Somewhat agree,Somewhat disagree,Neither agree nor disagree,Neither agree nor disagree,Slightly disagree,Slightly agree,Slightly disagree,Strongly disagree,Strongly disagree,Strongly agree,Strongly agree,Strongly disagree,Strongly disagree,Strongly agree,Strongly agree,Neither agree nor disagree,Neither agree nor disagree,Slightly agree,Somewhat disapprove,66,30,60,79,51,47,76,Female,,Somewhat liberal,,Democrat,,,Not very strong Democrat,,1982,White or European American,,Yes,0,12345678,"apple, good, bottle","happy, tree, fun"
2/12/20 18:48,2/12/20 18:54,IP Address,00.000.0.00,100,403,TRUE,2/12/20 18:54,R_0000000000000000,,,,,0,0,anonymous,EN,Yes,Somewhat agree,Strongly agree,Slightly disagree,Slightly agree,Slightly agree,Slightly agree,Strongly agree,Strongly agree,Somewhat disagree,Strongly disagree,Slightly disagree,Slightly agree,Neither agree nor disagree,Somewhat agree,Somewhat agree,Slightly agree,Somewhat agree,Somewhat agree,Slightly agree,Slightly disagree,Slightly disagree,Slightly agree,Somewhat agree,Somewhat agree,Somewhat agree,Strongly agree,Slightly disapprove,18,28,15,29,14,14,44,Female,,Slightly liberal,,Democrat,,,Not very strong Democrat,,1996,White or European American,,Yes,1,12345678,"happy, good, bottle","apple, tree, fun"
2/12/20 18:50,2/12/20 18:55,IP Address,00.000.0.00,100,257,TRUE,2/12/20 18:55,R_0000000000000000,,,,,0,0,anonymous,EN,Yes,Strongly agree,Neither agree nor disagree,Slightly disagree,Strongly disagree,Strongly agree,Neither agree nor disagree,Somewhat agree,Somewhat agree,Somewhat agree,Somewhat disagree,Neither agree nor disagree,Somewhat disagree,Neither agree nor disagree,Somewhat agree,Neither agree nor disagree,Neither agree nor disagree,Neither agree nor disagree,Neither agree nor disagree,Strongly agree,Strongly disagree,Neither agree nor disagree,Strongly agree,Neither agree nor disagree,Neither agree nor disagree,Somewhat disagree,Neither agree nor disagree,Neither approve nor disapprove,51,51,51,51,51,51,51,Male,,"Moderate, middle of the road",,Independent voter,,,,Neither party,1993,White or European American,,Yes,2,12345678,"apple, tree, happy","fun, good, bottle"
2/12/20 18:53,2/12/20 18:55,IP Address,00.000.0.00,100,135,TRUE,2/12/20 18:55,R_0000000000000000,,,,,0,0,anonymous,EN,Yes,Somewhat disagree,Strongly agree,Strongly disagree,Somewhat disagree,Slightly disagree,Slightly disagree,Slightly agree,Strongly disagree,Strongly disagree,Strongly disagree,Strongly disagree,Neither agree nor disagree,Slightly agree,Slightly agree,Slightly agree,Strongly disagree,Strongly disagree,Strongly agree,Strongly agree,Strongly disagree,Strongly disagree,Strongly agree,Strongly agree,Strongly disagree,Strongly disagree,Strongly disagree,Strongly disapprove,60,0,88,71,0,2,47,Male,,Somewhat liberal,,Democrat,,,Not very strong Democrat,,1982,White or European American,,Yes,1,12345678,"happy,tree,fun","apple, good, bottle"
2/12/20 18:53,2/12/20 18:55,IP Address,00.000.0.00,100,107,TRUE,2/12/20 18:55,R_0000000000000000,,,,,0,0,anonymous,EN,Yes,Strongly disagree,Strongly disagree,Strongly disagree,Somewhat disagree,Strongly disagree,Strongly disagree,Somewhat disagree,Strongly disagree,Strongly disagree,Strongly disagree,Strongly disagree,Strongly disagree,Strongly disagree,Slightly disagree,Strongly disagree,Strongly disagree,Strongly disagree,Strongly agree,Strongly agree,Strongly disagree,Strongly disagree,Strongly agree,Strongly agree,Somewhat disagree,Strongly disagree,Strongly disagree,Strongly disapprove,85,0,100,75,0,0,25,Male,,Very liberal,,Democrat,,,Strong Democrat,,1994,White or European American,,Yes,0,12345678,"happy, tree, bottle","apple, good , fun"
2/12/20 18:50,2/12/20 18:55,IP Address,00.000.0.00,100,292,TRUE,2/12/20 18:55,R_0000000000000000,,,,,0,0,anonymous,EN,Yes,Somewhat agree,Strongly agree,Neither agree nor disagree,Neither agree nor disagree,Neither agree nor disagree,Neither agree nor disagree,Strongly agree,Strongly agree,Strongly agree,Neither agree nor disagree,Strongly agree,Slightly agree,Slightly agree,Strongly agree,Strongly agree,Neither agree nor disagree,Slightly agree,Slightly disagree,Strongly agree,Somewhat agree,Neither agree nor disagree,Slightly agree,Strongly agree,Somewhat agree,Strongly agree,Slightly agree,Strongly approve,0,100,0,0,100,100,0,Male,,Somewhat conservative,,Independent voter,,,,Republican Party,1967,White or European American,,Yes,2,12345678,"apple, good, bottle","happy, tree, fun"
2/12/20 18:53,2/12/20 18:56,IP Address,00.000.0.00,100,200,TRUE,2/12/20 18:56,R_0000000000000000,,,,,0,0,anonymous,EN,Yes,Strongly disagree,Strongly disagree,Strongly disagree,Somewhat disagree,Somewhat disagree,Strongly disagree,Somewhat disagree,Strongly disagree,Somewhat disagree,Slightly agree,Strongly disagree,Neither agree nor disagree,Strongly disagree,Somewhat disagree,Somewhat disagree,Strongly disagree,Strongly disagree,Strongly agree,Strongly agree,Somewhat disagree,Somewhat disagree,Strongly agree,Strongly agree,Strongly disagree,Strongly disagree,Strongly disagree,Strongly disapprove,65,0,90,50,0,15,40,Male,,Somewhat liberal,,Democrat,,,Strong Democrat,,1980,White or European American,,Yes,2,12345678,"happy, good, bottle","apple, tree, fun"
2/12/20 18:48,2/12/20 18:57,IP Address,00.000.0.00,100,533,TRUE,2/12/20 18:57,R_0000000000000000,,,,,0,0,anonymous,EN,Yes,Somewhat agree,Somewhat agree,Slightly disagree,Somewhat agree,Strongly disagree,Somewhat agree,Strongly agree,Strongly disagree,Strongly agree,Strongly agree,Somewhat agree,Strongly agree,Somewhat agree,Strongly agree,Strongly agree,Strongly agree,Somewhat agree,Somewhat disagree,Neither agree nor disagree,Strongly agree,Strongly agree,Strongly disagree,Somewhat agree,Somewhat agree,Somewhat agree,Somewhat agree,Somewhat approve,0,71,0,0,19,92,0,Female,,Somewhat conservative,,Republican,,Strong Republican,,,1956,White or European American,,Yes,0,12345678,"apple, tree, happy","fun, good, bottle"
2/12/20 18:54,2/12/20 18:57,IP Address,00.000.0.00,100,140,TRUE,2/12/20 18:57,R_0000000000000000,,,,,0,0,anonymous,EN,Yes,Neither agree nor disagree,Neither agree nor disagree,Strongly disagree,Strongly disagree,Strongly disagree,Neither agree nor disagree,Slightly agree,Neither agree nor disagree,Strongly disagree,Strongly disagree,Neither agree nor disagree,Neither agree nor disagree,Slightly disagree,Slightly agree,Slightly disagree,Strongly disagree,Strongly disagree,Strongly agree,Strongly agree,Strongly disagree,Strongly disagree,Strongly agree,Strongly agree,Somewhat disagree,Somewhat disagree,Neither agree nor disagree,Strongly disapprove,40,0,100,92,45,0,0,Female,,Somewhat liberal,,Independent voter,,,,Democratic Party,1987,"Black, Afro-Caribbean, or African American",,Yes,2,12345678,"happy,tree,fun","apple, good, bottle"
2/12/20 18:56,2/12/20 18:57,IP Address,00.000.0.00,100,92,TRUE,2/12/20 18:57,R_0000000000000000,,,,,0,0,anonymous,EN,Yes,Somewhat agree,Somewhat agree,Strongly agree,Somewhat agree,Slightly disagree,Somewhat agree,Somewhat agree,Slightly agree,Strongly agree,Neither agree nor disagree,Somewhat agree,Somewhat disagree,Somewhat agree,Slightly agree,Somewhat agree,Somewhat agree,Slightly agree,Strongly agree,Somewhat agree,Somewhat agree,Somewhat disagree,Somewhat agree,Somewhat disagree,Strongly agree,Slightly agree,Slightly agree,Somewhat approve,72,63,30,89,82,99,100,Female,,Very liberal,,Independent voter,,,,Republican Party,2000,White or European American,,Yes,2,12345678,"happy, tree, bottle","apple, good , fun"
2/12/20 18:51,2/12/20 18:57,IP Address,00.000.0.00,100,357,TRUE,2/12/20 18:57,R_0000000000000000,,,,,0,0,anonymous,EN,Yes,Neither agree nor disagree,Strongly agree,Slightly disagree,Somewhat agree,Slightly disagree,Slightly agree,Strongly agree,Strongly agree,Strongly agree,Slightly disagree,Somewhat agree,Slightly agree,Slightly agree,Strongly agree,Strongly agree,Slightly disagree,Somewhat disagree,Somewhat disagree,Somewhat disagree,Slightly disagree,Slightly disagree,Slightly agree,Slightly agree,Somewhat agree,Somewhat agree,Slightly agree,Somewhat approve,8,81,2,2,52,51,22,Female,,Slightly conservative,,Republican,,,,,1980,White or European American,,Yes,2,12345678,"apple, good, bottle","happy, tree, fun"
2/12/20 18:51,2/12/20 18:57,IP Address,00.000.0.00,100,408,TRUE,2/12/20 18:57,R_0000000000000000,,,,,0,0,anonymous,EN,Yes,Neither agree nor disagree,Somewhat agree,Neither agree nor disagree,Strongly disagree,Somewhat agree,Somewhat agree,Strongly agree,Strongly disagree,Slightly agree,Slightly agree,Slightly agree,Neither agree nor disagree,Strongly agree,Strongly agree,Slightly agree,Neither agree nor disagree,Slightly agree,Slightly disagree,Neither agree nor disagree,Slightly agree,Slightly agree,Neither agree nor disagree,Slightly agree,Strongly agree,Somewhat agree,Neither agree nor disagree,Strongly disapprove,51,0,100,0,0,0,51,Male,,Very liberal,,Democrat,,,Not very strong Democrat,,1966,White or European American,,Yes,0,12345678,"happy, good, bottle","apple, tree, fun"
2/12/20 18:56,2/12/20 18:58,IP Address,00.000.0.00,100,123,TRUE,2/12/20 18:58,R_0000000000000000,,,,,0,0,anonymous,EN,Yes,Strongly disagree,Slightly disagree,Strongly disagree,Strongly disagree,Strongly disagree,Somewhat disagree,Somewhat disagree,Somewhat agree,Strongly disagree,Strongly disagree,Strongly disagree,Neither agree nor disagree,Strongly disagree,Slightly agree,Somewhat disagree,Strongly disagree,Strongly disagree,Strongly agree,Strongly agree,Strongly disagree,Strongly disagree,Strongly agree,Strongly agree,Somewhat disagree,Strongly disagree,Strongly disagree,Strongly disapprove,100,0,100,89,0,51,73,Female,,Very liberal,,Democrat,,,Strong Democrat,,1991,White or European American,,Yes,0,12345678,"apple, tree, happy","fun, good, bottle"
2/12/20 18:55,2/12/20 18:58,IP Address,00.000.0.00,100,179,TRUE,2/12/20 18:58,R_0000000000000000,,,,,0,0,anonymous,EN,Yes,Strongly agree,Strongly agree,Somewhat agree,Strongly agree,Slightly agree,Somewhat agree,Strongly agree,Somewhat disagree,Somewhat agree,Somewhat agree,Neither agree nor disagree,Strongly agree,Somewhat agree,Strongly agree,Strongly agree,Somewhat agree,Strongly agree,Somewhat agree,Strongly agree,Somewhat agree,Somewhat agree,Somewhat agree,Strongly agree,Somewhat agree,Slightly agree,Strongly agree,Slightly approve,85,59,64,79,65,40,71,Male,,Somewhat conservative,,Democrat,,,Not very strong Democrat,,1986,White or European American,,Yes,0,12345678,"happy,tree,fun","apple, good, bottle"
2/12/20 18:56,2/12/20 18:58,IP Address,00.000.0.00,100,111,TRUE,2/12/20 18:58,R_0000000000000000,,,,,0,0,anonymous,EN,Yes,Strongly disagree,Neither agree nor disagree,Strongly disagree,Strongly disagree,Strongly disagree,Strongly disagree,Strongly agree,Strongly agree,Strongly agree,Neither agree nor disagree,Somewhat agree,Strongly agree,Neither agree nor disagree,Strongly agree,Strongly agree,Strongly disagree,Strongly disagree,Strongly agree,Strongly agree,Strongly disagree,Strongly disagree,Strongly agree,Strongly agree,Strongly disagree,Strongly disagree,Strongly disagree,Strongly disapprove,69,0,11,71,1,0,79,Female,,Very liberal,,Democrat,,,Strong Democrat,,1980,"White or European American,East Asian or Asian American",,Yes,2,12345678,"happy, tree, bottle","apple, good , fun"
2/12/20 18:49,2/12/20 18:58,IP Address,00.000.0.00,100,575,TRUE,2/12/20 18:59,R_0000000000000000,,,,,0,0,anonymous,EN,Yes,Somewhat agree,Strongly agree,Slightly disagree,Slightly agree,Somewhat agree,Somewhat agree,Somewhat agree,Strongly agree,Strongly agree,Strongly agree,Somewhat agree,Strongly agree,Strongly agree,Somewhat agree,Strongly agree,Strongly disagree,Strongly disagree,Strongly agree,Strongly agree,Strongly disagree,Strongly disagree,Strongly agree,Strongly agree,Somewhat agree,Somewhat agree,Strongly agree,Slightly disapprove,65,17,48,54,30,36,59,Male,,Slightly liberal,,Democrat,,,Not very strong Democrat,,1984,White or European American,,Yes,1,12345678,"apple, good, bottle","happy, tree, fun"
2/12/20 18:55,2/12/20 18:59,IP Address,00.000.0.00,100,235,TRUE,2/12/20 18:59,R_0000000000000000,,,,,0,0,anonymous,EN,Yes,Strongly disagree,Strongly disagree,Strongly disagree,Somewhat disagree,Strongly disagree,Somewhat disagree,Slightly disagree,Strongly disagree,Strongly disagree,Strongly disagree,Strongly disagree,Neither agree nor disagree,Neither agree nor disagree,Slightly disagree,Slightly disagree,Strongly disagree,Strongly disagree,Strongly agree,Strongly agree,Strongly disagree,Strongly disagree,Strongly agree,Strongly agree,Neither agree nor disagree,Strongly disagree,Somewhat disagree,Strongly disapprove,90,0,70,90,0,0,20,Female,,Somewhat liberal,,Democrat,,,Strong Democrat,,1967,"White or European American,Native American, American Indian, or Alaskan Native",,Yes,1,12345678,"happy, good, bottle","apple, tree, fun"
2/12/20 18:56,2/12/20 18:59,IP Address,00.000.0.00,100,176,TRUE,2/12/20 18:59,R_0000000000000000,,,,,0,0,anonymous,EN,Yes,Neither agree nor disagree,Slightly agree,Somewhat disagree,Strongly disagree,Neither agree nor disagree,Slightly disagree,Strongly agree,Strongly agree,Strongly agree,Somewhat agree,Strongly agree,Strongly agree,Neither agree nor disagree,Strongly agree,Strongly agree,Slightly agree,Neither agree nor disagree,Slightly disagree,Somewhat agree,Slightly agree,Neither agree nor disagree,Neither agree nor disagree,Neither agree nor disagree,Strongly agree,Strongly agree,Somewhat agree,Strongly approve,50,90,0,0,40,20,10,Female,,Somewhat conservative,,Republican,,Strong Republican,,,1986,White or European American,,Yes,1,12345678,"apple, tree, happy","fun, good, bottle"
2/12/20 18:56,2/12/20 18:59,IP Address,00.000.0.00,100,204,TRUE,2/12/20 18:59,R_0000000000000000,,,,,0,0,anonymous,EN,Yes,Strongly disagree,Neither agree nor disagree,Strongly disagree,Somewhat disagree,Strongly disagree,Neither agree nor disagree,Neither agree nor disagree,Strongly disagree,Strongly disagree,Strongly disagree,Neither agree nor disagree,Somewhat agree,Strongly disagree,Neither agree nor disagree,Slightly agree,Strongly disagree,Strongly disagree,Strongly agree,Strongly agree,Strongly disagree,Strongly disagree,Strongly agree,Strongly agree,Strongly disagree,Strongly disagree,Strongly disagree,Strongly disapprove,90,0,80,89,0,0,40,Female,,Very liberal,,Independent voter,,,,Democratic Party,1974,"White or European American,East Asian or Asian American,Middle Eastern  or Arab American",,Yes,0,12345678,"happy,tree,fun","apple, good, bottle"
2/12/20 18:56,2/12/20 19:00,IP Address,00.000.0.00,100,227,TRUE,2/12/20 19:00,R_0000000000000000,,,,,0,0,anonymous,EN,Yes,Slightly disagree,Slightly agree,Strongly disagree,Somewhat disagree,Strongly disagree,Slightly agree,Somewhat disagree,Strongly disagree,Strongly disagree,Slightly agree,Strongly disagree,Neither agree nor disagree,Neither agree nor disagree,Slightly agree,Slightly agree,Strongly disagree,Strongly disagree,Strongly agree,Strongly agree,Strongly disagree,Strongly disagree,Strongly agree,Strongly agree,Strongly agree,Strongly agree,Strongly disagree,Strongly disapprove,65,0,100,63,0,31,40,Male,,Very liberal,,Democrat,,,Strong Democrat,,1986,White or European American,,Yes,1,12345678,"happy, tree, bottle","apple, good , fun"
2/12/20 18:53,2/12/20 19:00,IP Address,00.000.0.00,100,428,TRUE,2/12/20 19:00,R_0000000000000000,,,,,0,0,anonymous,EN,Yes,Somewhat agree,Strongly agree,Slightly disagree,Slightly disagree,Strongly agree,Strongly agree,Strongly agree,Strongly agree,Strongly agree,Strongly agree,Strongly agree,Strongly agree,Somewhat agree,Somewhat agree,Somewhat agree,Strongly agree,Strongly disagree,Somewhat agree,Strongly agree,Strongly agree,Somewhat agree,Strongly agree,Strongly agree,Strongly agree,Strongly agree,Strongly agree,Somewhat approve,50,85,82,50,40,40,45,Male,,Very conservative,,Republican,,Not very strong Republican,,,1973,White or European American,,Yes,1,12345678,"apple, good, bottle","happy, tree, fun"
2/12/20 18:57,2/12/20 19:00,IP Address,00.000.0.00,100,169,TRUE,2/12/20 19:00,R_0000000000000000,,,,,0,0,anonymous,EN,Yes,Strongly agree,Strongly agree,Strongly disagree,Strongly disagree,Neither agree nor disagree,Neither agree nor disagree,Slightly disagree,Strongly disagree,Strongly disagree,Strongly disagree,Neither agree nor disagree,Strongly disagree,Slightly agree,Neither agree nor disagree,Somewhat disagree,Strongly disagree,Strongly disagree,Strongly agree,Strongly agree,Strongly disagree,Strongly disagree,Strongly agree,Strongly agree,Strongly agree,Strongly disagree,Strongly disagree,Strongly disapprove,79,1,100,50,50,50,89,Female,,Very liberal,,Democrat,,,Strong Democrat,,1982,White or European American,,Yes,0,12345678,"happy, good, bottle","apple, tree, fun"
2/12/20 18:58,2/12/20 19:00,IP Address,00.000.0.00,100,134,TRUE,2/12/20 19:00,R_0000000000000000,,,,,0,0,anonymous,EN,Yes,Strongly disagree,Somewhat disagree,Strongly disagree,Somewhat disagree,Somewhat disagree,Slightly disagree,Slightly agree,Strongly disagree,Strongly disagree,Slightly disagree,Slightly disagree,Neither agree nor disagree,Strongly disagree,Slightly agree,Slightly agree,Somewhat disagree,Somewhat disagree,Strongly agree,Strongly agree,Strongly disagree,Strongly disagree,Strongly agree,Somewhat agree,Somewhat disagree,Strongly disagree,Somewhat disagree,Strongly disapprove,38,0,66,43,0,0,18,Male,,Somewhat liberal,,Independent voter,,,,Democratic Party,1981,White or European American,,Yes,2,12345678,"apple, tree, happy","fun, good, bottle"
2/12/20 18:57,2/12/20 19:01,IP Address,00.000.0.00,100,252,TRUE,2/12/20 19:01,R_0000000000000000,,,,,0,0,anonymous,EN,Yes,Slightly disagree,Slightly agree,Slightly disagree,Somewhat disagree,Slightly disagree,Slightly agree,Strongly agree,Strongly agree,Strongly agree,Somewhat disagree,Strongly agree,Somewhat agree,Strongly agree,Strongly agree,Strongly agree,Neither agree nor disagree,Neither agree nor disagree,Slightly agree,Somewhat agree,Neither agree nor disagree,Neither agree nor disagree,Slightly agree,Somewhat agree,Strongly agree,Strongly agree,Somewhat agree,Strongly approve,51,100,25,0,50,50,71,Female,,Very conservative,,Republican,,Strong Republican,,,1949,White or European American,,Yes,2,12345678,"happy,tree,fun","apple, good, bottle"
2/12/20 18:58,2/12/20 19:01,IP Address,00.000.0.00,100,182,TRUE,2/12/20 19:01,R_0000000000000000,,,,,0,0,anonymous,EN,Yes,Strongly agree,Strongly agree,Strongly agree,Neither agree nor disagree,Somewhat agree,Somewhat agree,Somewhat agree,Strongly agree,Strongly agree,Somewhat agree,Somewhat agree,Strongly agree,Somewhat agree,Somewhat agree,Somewhat agree,Neither agree nor disagree,Slightly agree,Neither agree nor disagree,Strongly agree,Strongly agree,Strongly disagree,Strongly agree,Strongly agree,Strongly agree,Strongly agree,Strongly agree,Strongly disapprove,70,0,90,50,50,0,100,Female,,Somewhat liberal,,Democrat,,,Strong Democrat,,1985,"Black, Afro-Caribbean, or African American",,Yes,1,12345678,"happy, tree, bottle","apple, good , fun"
2/12/20 18:57,2/12/20 19:01,IP Address,00.000.0.00,100,219,TRUE,2/12/20 19:01,R_0000000000000000,,,,,0,0,anonymous,EN,Yes,Neither agree nor disagree,Slightly agree,Strongly disagree,Neither agree nor disagree,Slightly agree,Neither agree nor disagree,Strongly agree,Strongly agree,Slightly agree,Strongly disagree,Strongly disagree,Slightly agree,Neither agree nor disagree,Strongly agree,Strongly agree,Strongly disagree,Strongly disagree,Strongly agree,Strongly agree,Neither agree nor disagree,Strongly disagree,Strongly agree,Strongly agree,Strongly agree,Neither agree nor disagree,Strongly disagree,Neither approve nor disapprove,51,44,61,66,0,17,51,Female,,Slightly conservative,,Republican,,Not very strong Republican,,,1987,Hispanic American or Latino American,,Yes,0,12345678,"apple, good, bottle","happy, tree, fun"
2/12/20 18:48,2/12/20 19:03,IP Address,00.000.0.00,100,892,TRUE,2/12/20 19:03,R_0000000000000000,,,,,0,0,anonymous,EN,Yes,Somewhat agree,Somewhat agree,Somewhat agree,Somewhat agree,Strongly agree,Somewhat agree,Strongly agree,,Somewhat agree,,Somewhat agree,Somewhat agree,Somewhat agree,Slightly agree,Somewhat agree,Somewhat agree,Strongly agree,Somewhat disagree,Slightly agree,Somewhat agree,Somewhat agree,Somewhat agree,Somewhat disagree,Slightly agree,Somewhat agree,Neither agree nor disagree,Somewhat approve,56,67,35,60,35,40,35,Male,,Somewhat liberal,,Democrat,,,Not very strong Democrat,,1991,"White or European American,Black, Afro-Caribbean, or African American",,Yes,2,12345678,"happy, good, bottle","apple, tree, fun"
2/12/20 19:01,2/12/20 19:04,IP Address,00.000.0.00,100,167,TRUE,2/12/20 19:04,R_0000000000000000,,,,,0,0,anonymous,EN,Yes,Somewhat disagree,Neither agree nor disagree,Somewhat disagree,Slightly disagree,Slightly disagree,Neither agree nor disagree,Somewhat agree,Slightly disagree,Somewhat disagree,Somewhat disagree,Neither agree nor disagree,Neither agree nor disagree,Neither agree nor disagree,Somewhat agree,Neither agree nor disagree,Slightly disagree,Somewhat disagree,Somewhat agree,Somewhat agree,Slightly disagree,Neither agree nor disagree,Slightly agree,Slightly agree,Somewhat disagree,Somewhat disagree,Somewhat disagree,Strongly disapprove,78,0,88,84,0,0,70,Female,,Somewhat liberal,,Democrat,,,Strong Democrat,,1984,White or European American,,Yes,0,12345678,"apple, tree, happy","fun, good, bottle"
2/12/20 19:01,2/12/20 19:04,IP Address,00.000.0.00,100,185,TRUE,2/12/20 19:04,R_0000000000000000,,,,,0,0,anonymous,EN,Yes,Strongly disagree,Strongly disagree,Strongly disagree,Strongly disagree,Strongly disagree,Strongly disagree,Strongly disagree,Strongly disagree,Strongly disagree,Strongly disagree,Strongly disagree,Strongly disagree,Strongly disagree,Slightly disagree,Strongly disagree,Strongly disagree,Strongly disagree,Strongly agree,Strongly agree,Strongly disagree,Strongly disagree,Strongly agree,Strongly agree,Strongly disagree,Strongly disagree,Strongly disagree,Strongly disapprove,69,0,90,50,0,13,26,Male,,Very liberal,,Democrat,,,Strong Democrat,,1989,White or European American,,Yes,1,12345678,"happy,tree,fun","apple, good, bottle"
2/12/20 18:48,2/12/20 19:04,IP Address,00.000.0.00,100,942,TRUE,2/12/20 19:04,R_0000000000000000,,,,,0,0,anonymous,EN,Yes,Strongly agree,Strongly agree,Strongly agree,Strongly agree,Strongly agree,Strongly agree,Strongly agree,Strongly agree,Strongly agree,Strongly agree,Strongly agree,Strongly agree,Strongly agree,Strongly agree,Strongly agree,Strongly agree,Strongly agree,Strongly disagree,Strongly disagree,Strongly agree,Strongly agree,Strongly disagree,Strongly disagree,Strongly agree,Strongly agree,Strongly agree,Strongly approve,0,100,0,0,100,100,0,Male,,Very conservative,,Republican,,Strong Republican,,,1998,White or European American,,Yes,2,12345678,"happy, tree, bottle","apple, good , fun"
2/12/20 19:03,2/12/20 19:05,IP Address,00.000.0.00,100,145,TRUE,2/12/20 19:05,R_0000000000000000,,,,,0,0,anonymous,EN,Yes,Somewhat disagree,Somewhat agree,Somewhat disagree,Slightly disagree,Somewhat disagree,Neither agree nor disagree,Slightly agree,Somewhat disagree,Slightly disagree,Slightly agree,Slightly agree,Somewhat disagree,Somewhat disagree,Somewhat agree,Somewhat disagree,Somewhat disagree,Somewhat disagree,Strongly agree,Somewhat agree,Strongly disagree,Strongly disagree,Strongly agree,Strongly agree,Somewhat disagree,Slightly agree,Somewhat disagree,Strongly disapprove,77,0,100,61,18,11,63,Female,,Very liberal,,Democrat,,,Strong Democrat,,1978,White or European American,,Yes,1,12345678,"apple, good, bottle","happy, tree, fun"
2/12/20 18:55,2/12/20 19:07,IP Address,00.000.0.00,100,713,TRUE,2/12/20 19:07,R_0000000000000000,,,,,0,0,anonymous,EN,Yes,Somewhat disagree,Somewhat agree,Somewhat disagree,Somewhat agree,Neither agree nor disagree,Somewhat agree,Somewhat agree,Somewhat agree,Neither agree nor disagree,Strongly disagree,Slightly disagree,Slightly disagree,Slightly disagree,Somewhat agree,Neither agree nor disagree,Strongly disagree,Strongly disagree,Strongly agree,Strongly agree,Strongly disagree,Strongly disagree,Strongly agree,Strongly agree,Neither agree nor disagree,Neither agree nor disagree,Somewhat agree,Strongly disapprove,95,0,70,88,7,20,51,Female,,Very liberal,,Democrat,,,Strong Democrat,,1989,"Black, Afro-Caribbean, or African American",,Yes,1,12345678,"happy, good, bottle","apple, tree, fun"
2/12/20 19:01,2/12/20 19:07,IP Address,00.000.0.00,100,359,TRUE,2/12/20 19:07,R_0000000000000000,,,,,0,0,anonymous,EN,Yes,Somewhat agree,Somewhat agree,Neither agree nor disagree,Slightly disagree,Slightly agree,Slightly agree,Strongly agree,Strongly agree,Somewhat agree,Neither agree nor disagree,Neither agree nor disagree,Somewhat agree,Somewhat agree,Strongly agree,Strongly agree,Strongly disagree,Strongly disagree,Strongly agree,Strongly agree,Strongly disagree,Strongly disagree,Strongly agree,Strongly agree,Somewhat agree,Somewhat agree,Strongly agree,Strongly disapprove,60,0,79,100,48,15,100,Female,,Slightly liberal,,Democrat,,,Strong Democrat,,1968,White or European American,,Yes,2,12345678,"apple, tree, happy","fun, good, bottle"
2/12/20 19:02,2/12/20 19:09,IP Address,00.000.0.00,100,401,TRUE,2/12/20 19:09,R_0000000000000000,,,,,0,0,anonymous,EN,Yes,Slightly agree,Neither agree nor disagree,Somewhat disagree,Slightly disagree,Slightly agree,Slightly disagree,Somewhat agree,Strongly agree,Somewhat agree,Slightly agree,Neither agree nor disagree,Somewhat agree,Somewhat disagree,Strongly agree,Somewhat agree,Strongly disagree,Strongly agree,Strongly agree,Strongly agree,Strongly disagree,Strongly disagree,Strongly agree,Strongly agree,Slightly agree,Somewhat agree,Strongly agree,Slightly approve,57,57,59,78,61,41,55,Female,,I haven't thought much about this.,Liberal,Independent voter,,,,Neither party,1981,East Asian or Asian American,,Yes,0,12345678,"happy,tree,fun","apple, good, bottle"
2/12/20 19:08,2/12/20 19:10,IP Address,00.000.0.00,100,175,TRUE,2/12/20 19:10,R_0000000000000000,,,,,0,0,anonymous,EN,Yes,Somewhat disagree,Strongly agree,Strongly disagree,Strongly disagree,Strongly disagree,Somewhat disagree,Strongly agree,Slightly agree,Slightly disagree,Somewhat disagree,Slightly agree,Somewhat agree,Slightly disagree,Strongly agree,Slightly agree,Slightly disagree,Somewhat disagree,Strongly agree,Somewhat agree,Somewhat agree,Strongly agree,Somewhat agree,Strongly agree,Slightly disagree,Slightly agree,Slightly agree,Slightly approve,8,58,90,0,53,65,27,Male,,Slightly conservative,,Republican,,Not very strong Republican,,,1997,White or European American,,Yes,2,12345678,"happy, tree, bottle","apple, good , fun"
2/12/20 19:09,2/12/20 19:12,IP Address,00.000.0.00,100,174,TRUE,2/12/20 19:12,R_0000000000000000,,,,,0,0,anonymous,EN,Yes,Neither agree nor disagree,Neither agree nor disagree,Strongly disagree,Strongly disagree,Neither agree nor disagree,Neither agree nor disagree,Somewhat agree,Slightly agree,Neither agree nor disagree,Somewhat disagree,Slightly disagree,Neither agree nor disagree,Neither agree nor disagree,Somewhat agree,Neither agree nor disagree,Strongly disagree,Strongly disagree,Strongly agree,Strongly agree,Strongly disagree,Strongly disagree,Strongly agree,Strongly agree,Slightly disagree,Somewhat disagree,Slightly disagree,Strongly disapprove,77,6,92,82,6,20,71,Male,,Very liberal,,Democrat,,,Strong Democrat,,1984,White or European American,,Yes,0,12345678,"apple, good, bottle","happy, tree, fun"
2/12/20 19:10,2/12/20 19:15,IP Address,00.000.0.00,100,293,TRUE,2/12/20 19:15,R_0000000000000000,,,,,0,0,anonymous,EN,Yes,Somewhat disagree,Somewhat disagree,Somewhat disagree,Somewhat disagree,Somewhat disagree,Somewhat disagree,Neither agree nor disagree,Somewhat disagree,Neither agree nor disagree,Strongly disagree,Neither agree nor disagree,Neither agree nor disagree,Neither agree nor disagree,Neither agree nor disagree,Somewhat disagree,Somewhat agree,Somewhat agree,Somewhat disagree,Neither agree nor disagree,Somewhat agree,Somewhat agree,Strongly agree,Strongly agree,Neither agree nor disagree,Neither agree nor disagree,Neither agree nor disagree,Neither approve nor disapprove,0,50,0,0,0,50,0,Male,,"Moderate, middle of the road",,Independent voter,,,,Neither party,1992,White or European American,,Yes,2,12345678,"happy, good, bottle","apple, tree, fun"
2/12/20 19:13,2/12/20 19:16,IP Address,00.000.0.00,100,141,TRUE,2/12/20 19:16,R_0000000000000000,,,,,0,0,anonymous,EN,Yes,Neither agree nor disagree,Slightly agree,Somewhat agree,Strongly agree,Neither agree nor disagree,Somewhat agree,Strongly agree,Strongly agree,Strongly agree,Strongly agree,Strongly agree,Strongly agree,Strongly agree,Strongly agree,Strongly agree,Slightly agree,Slightly agree,Somewhat agree,Slightly agree,Somewhat agree,Slightly agree,Neither agree nor disagree,Neither agree nor disagree,Slightly agree,Neither agree nor disagree,Strongly agree,Somewhat approve,66,100,69,71,71,68,72,Male,,Somewhat conservative,,Republican,,Strong Republican,,,1980,"Black, Afro-Caribbean, or African American",,Yes,1,12345678,"apple, tree, happy","fun, good, bottle"
2/12/20 19:13,2/12/20 19:16,IP Address,00.000.0.00,100,151,TRUE,2/12/20 19:16,R_0000000000000000,,,,,0,0,anonymous,EN,Yes,Somewhat agree,Neither agree nor disagree,Strongly disagree,Strongly disagree,Somewhat disagree,Somewhat disagree,Slightly disagree,Strongly disagree,Somewhat disagree,Somewhat disagree,Somewhat disagree,Somewhat disagree,Somewhat disagree,Neither agree nor disagree,Neither agree nor disagree,Slightly disagree,Slightly disagree,Somewhat agree,Slightly disagree,Neither agree nor disagree,Somewhat disagree,Somewhat agree,Somewhat agree,Somewhat disagree,Somewhat disagree,Somewhat disagree,Strongly disapprove,59,4,88,54,4,3,22,Male,,Somewhat liberal,,Independent voter,,,,Democratic Party,1987,White or European American,,Yes,2,12345678,"happy,tree,fun","apple, good, bottle"
2/12/20 19:13,2/12/20 19:17,IP Address,00.000.0.00,100,221,TRUE,2/12/20 19:17,R_0000000000000000,,,,,0,0,anonymous,EN,Yes,Slightly agree,Slightly agree,Strongly disagree,Somewhat disagree,Neither agree nor disagree,Neither agree nor disagree,Neither agree nor disagree,Strongly disagree,Strongly disagree,Strongly disagree,Strongly disagree,Strongly disagree,Strongly disagree,Slightly agree,Somewhat agree,Strongly disagree,Somewhat disagree,Strongly agree,Somewhat agree,Somewhat disagree,Strongly disagree,Somewhat agree,Strongly agree,Somewhat disagree,Strongly disagree,Somewhat disagree,Strongly disapprove,98,0,90,80,0,2,60,Male,,Somewhat liberal,,Democrat,,,Strong Democrat,,1972,White or European American,,Yes,0,12345678,"happy, tree, bottle","apple, good , fun"
2/12/20 19:13,2/12/20 19:17,IP Address,00.000.0.00,100,229,TRUE,2/12/20 19:17,R_0000000000000000,,,,,0,0,anonymous,EN,Yes,Strongly agree,Slightly agree,Slightly agree,Neither agree nor disagree,Somewhat agree,Slightly agree,Strongly agree,Somewhat disagree,Strongly agree,Strongly agree,Somewhat agree,Strongly agree,Somewhat disagree,Strongly agree,Strongly agree,Somewhat agree,Somewhat agree,Strongly agree,Somewhat disagree,Strongly agree,Strongly agree,Somewhat disagree,Somewhat agree,Strongly agree,Strongly agree,Neither agree nor disagree,Somewhat approve,9,76,25,0,72,72,9,Male,,Somewhat conservative,,Independent voter,,,,Republican Party,1977,White or European American,,Yes,2,12345678,"apple, good, bottle","happy, tree, fun"
2/12/20 19:15,2/12/20 19:18,IP Address,00.000.0.00,100,122,TRUE,2/12/20 19:18,R_0000000000000000,,,,,0,0,anonymous,EN,Yes,Strongly agree,Strongly agree,Slightly disagree,Slightly disagree,Strongly agree,Strongly agree,Strongly agree,Strongly disagree,Strongly agree,Strongly disagree,Strongly agree,Strongly agree,Slightly agree,Strongly agree,Strongly agree,Somewhat disagree,Somewhat disagree,Strongly agree,Strongly agree,Strongly disagree,Strongly disagree,Strongly agree,Strongly agree,Somewhat agree,Somewhat agree,Neither agree nor disagree,Strongly approve,0,100,0,0,100,100,0,Male,,Very conservative,,Republican,,Strong Republican,,,1993,White or European American,,Yes,1,12345678,"happy, good, bottle","apple, tree, fun"
2/12/20 19:14,2/12/20 19:18,IP Address,00.000.0.00,100,254,TRUE,2/12/20 19:18,R_0000000000000000,,,,,0,0,anonymous,EN,Yes,Strongly disagree,Somewhat agree,Strongly disagree,Strongly disagree,Neither agree nor disagree,Strongly disagree,Slightly disagree,Strongly disagree,Somewhat disagree,Strongly disagree,Strongly disagree,Neither agree nor disagree,Strongly disagree,Neither agree nor disagree,Slightly agree,Strongly disagree,Strongly disagree,Strongly agree,Strongly agree,Strongly disagree,Strongly disagree,Strongly agree,Strongly agree,Strongly disagree,Strongly disagree,Somewhat disagree,Strongly disapprove,95,0,85,95,0,0,75,Female,,Somewhat liberal,,Democrat,,,Strong Democrat,,1958,White or European American,,Yes,1,12345678,"apple, tree, happy","fun, good, bottle"
2/12/20 19:13,2/12/20 19:20,IP Address,00.000.0.00,100,385,TRUE,2/12/20 19:20,R_0000000000000000,,,,,0,0,anonymous,EN,Yes,Slightly disagree,Slightly agree,Strongly disagree,Strongly disagree,Strongly disagree,Neither agree nor disagree,Slightly agree,Slightly agree,Neither agree nor disagree,Slightly agree,Somewhat disagree,Neither agree nor disagree,Somewhat agree,Somewhat agree,Somewhat disagree,Strongly disagree,Strongly disagree,Strongly agree,Strongly agree,Strongly agree,Strongly disagree,Strongly agree,Strongly agree,Slightly agree,Neither agree nor disagree,Somewhat disagree,Somewhat disapprove,77,23,100,76,76,77,51,Female,,Slightly liberal,,Another party (please specify),libertarian,,,Neither party,1980,White or European American,,Yes,1,12345678,"happy,tree,fun","apple, good, bottle"
2/12/20 19:14,2/12/20 19:20,IP Address,00.000.0.00,100,360,TRUE,2/12/20 19:20,R_0000000000000000,,,,,0,0,anonymous,EN,Yes,Strongly disagree,Neither agree nor disagree,Strongly disagree,Strongly disagree,Neither agree nor disagree,Slightly disagree,Somewhat disagree,Strongly disagree,Neither agree nor disagree,Strongly disagree,Somewhat disagree,Neither agree nor disagree,Somewhat disagree,Slightly agree,Neither agree nor disagree,Strongly disagree,Strongly disagree,Strongly agree,Strongly agree,Strongly disagree,Strongly disagree,Strongly agree,Strongly agree,Somewhat disagree,Strongly disagree,Slightly disagree,Neither approve nor disapprove,0,0,55,0,0,50,0,Male,,"Moderate, middle of the road",,Independent voter,,,,Neither party,1984,White or European American,,Yes,0,12345678,"happy, tree, bottle","apple, good , fun"
2/12/20 19:14,2/12/20 19:20,IP Address,00.000.0.00,100,342,TRUE,2/12/20 19:20,R_0000000000000000,,,,,0,0,anonymous,EN,Yes,Somewhat agree,Somewhat agree,Neither agree nor disagree,Slightly agree,Somewhat agree,Neither agree nor disagree,Strongly agree,Strongly agree,Somewhat agree,Slightly disagree,Somewhat agree,Somewhat agree,Slightly disagree,Strongly agree,Slightly agree,Slightly disagree,Slightly disagree,Slightly agree,Somewhat agree,Neither agree nor disagree,Slightly disagree,Somewhat agree,Somewhat agree,Somewhat agree,Slightly agree,Somewhat disagree,,50,50,50,50,50,50,50,Female,,,,Independent voter,,,,Neither party,1990,White or European American,,Yes,2,12345678,"apple, good, bottle","happy, tree, fun"
2/12/20 19:15,2/12/20 19:20,IP Address,00.000.0.00,100,339,TRUE,2/12/20 19:20,R_0000000000000000,,,,,0,0,anonymous,EN,Yes,Neither agree nor disagree,Slightly agree,Slightly disagree,Neither agree nor disagree,Slightly disagree,Neither agree nor disagree,Slightly agree,Strongly agree,Strongly agree,Slightly disagree,Somewhat agree,Slightly agree,Neither agree nor disagree,Somewhat agree,Neither agree nor disagree,Slightly agree,Slightly disagree,Strongly agree,Somewhat agree,Slightly disagree,Slightly agree,Neither agree nor disagree,Strongly agree,Slightly agree,Slightly agree,Somewhat agree,Slightly approve,78,50,85,8,15,16,10,Female,,Slightly conservative,,Democrat,,,Not very strong Democrat,,1966,White or European American,,Yes,0,12345678,"happy, good, bottle","apple, tree, fun"
2/12/20 19:21,2/12/20 19:23,IP Address,00.000.0.00,100,102,TRUE,2/12/20 19:23,R_0000000000000000,,,,,0,0,anonymous,EN,Yes,Somewhat agree,Strongly agree,Slightly disagree,Slightly agree,Neither agree nor disagree,Somewhat agree,Strongly agree,Strongly disagree,Strongly disagree,Neither agree nor disagree,Somewhat agree,Strongly agree,Somewhat agree,Strongly agree,Somewhat agree,Neither agree nor disagree,Neither agree nor disagree,Neither agree nor disagree,Somewhat agree,Neither agree nor disagree,Somewhat disagree,Somewhat agree,Somewhat agree,Strongly disagree,Strongly disagree,Strongly disagree,Strongly disapprove,26,0,7,10,2,7,34,Male,,"Moderate, middle of the road",,Independent voter,,,,Neither party,1983,White or European American,,Yes,0,12345678,"apple, tree, happy","fun, good, bottle"
2/12/20 19:23,2/12/20 19:25,IP Address,00.000.0.00,100,125,TRUE,2/12/20 19:25,R_0000000000000000,,,,,0,0,anonymous,EN,Yes,Strongly disagree,Strongly disagree,Strongly disagree,Strongly disagree,Strongly disagree,Strongly disagree,Strongly disagree,Strongly disagree,Strongly disagree,Strongly disagree,Strongly disagree,Strongly disagree,Strongly disagree,Somewhat disagree,Strongly disagree,Strongly disagree,Strongly disagree,Strongly agree,Strongly agree,Strongly disagree,Strongly disagree,Strongly agree,Strongly agree,Strongly disagree,Strongly disagree,Strongly disagree,Strongly disapprove,46,0,67,4,0,0,7,Male,,Very liberal,,Democrat,,,Strong Democrat,,1982,White or European American,,Yes,1,12345678,"happy,tree,fun","apple, good, bottle"
2/12/20 19:23,2/12/20 19:25,IP Address,00.000.0.00,100,143,TRUE,2/12/20 19:25,R_0000000000000000,,,,,0,0,anonymous,EN,Yes,Strongly disagree,Neither agree nor disagree,Strongly disagree,Strongly disagree,Strongly disagree,Neither agree nor disagree,Somewhat agree,Slightly agree,Neither agree nor disagree,Strongly disagree,Somewhat disagree,Somewhat disagree,Neither agree nor disagree,Slightly agree,Slightly disagree,Strongly disagree,Strongly disagree,Strongly agree,Strongly agree,Somewhat agree,Strongly disagree,Strongly agree,Strongly agree,Neither agree nor disagree,Somewhat disagree,Somewhat agree,Strongly disapprove,51,2,85,58,42,16,69,Male,,"Moderate, middle of the road",,Independent voter,,,,Neither party,1977,White or European American,,Yes,0,12345678,"happy, tree, bottle","apple, good , fun"
2/12/20 19:24,2/12/20 19:26,IP Address,00.000.0.00,100,124,TRUE,2/12/20 19:26,R_0000000000000000,,,,,0,0,anonymous,EN,Yes,Strongly agree,Strongly agree,Strongly disagree,Strongly disagree,Strongly agree,Somewhat disagree,Neither agree nor disagree,Strongly disagree,Strongly disagree,Strongly disagree,Strongly disagree,Strongly disagree,Strongly disagree,Slightly agree,Strongly agree,Strongly disagree,Strongly disagree,Strongly agree,Strongly agree,Strongly disagree,Strongly disagree,Strongly agree,Strongly agree,Strongly agree,Strongly agree,Strongly disagree,Strongly disapprove,94,0,100,54,0,0,28,Male,,Very liberal,,Democrat,,,Strong Democrat,,1991,White or European American,,Yes,2,12345678,"apple, good, bottle","happy, tree, fun"
2/12/20 19:18,2/12/20 19:30,IP Address,00.000.0.00,100,699,TRUE,2/12/20 19:30,R_0000000000000000,,,,,0,0,anonymous,EN,Yes,Neither agree nor disagree,Strongly disagree,Strongly disagree,Strongly disagree,Strongly agree,Strongly disagree,Neither agree nor disagree,Strongly disagree,Somewhat agree,Strongly disagree,Strongly disagree,Strongly disagree,Strongly disagree,Neither agree nor disagree,Strongly disagree,Strongly disagree,Strongly disagree,Strongly agree,Strongly agree,Strongly disagree,Strongly disagree,Strongly agree,Strongly agree,Strongly agree,Strongly agree,Strongly disagree,Somewhat approve,0,70,55,0,0,0,0,Male,,"Moderate, middle of the road",,Independent voter,,,,Neither party,1989,White or European American,,Yes,2,12345678,"happy, good, bottle","apple, tree, fun"
2/12/20 19:29,2/12/20 19:32,IP Address,00.000.0.00,100,151,TRUE,2/12/20 19:32,R_0000000000000000,,,,,0,0,anonymous,EN,Yes,Strongly agree,Strongly agree,Slightly disagree,Somewhat disagree,Strongly agree,Strongly agree,Strongly agree,Strongly agree,Strongly disagree,Strongly disagree,Somewhat agree,Strongly agree,Strongly agree,Strongly agree,Slightly agree,Strongly disagree,Strongly disagree,Strongly agree,Strongly disagree,Strongly disagree,Strongly disagree,Strongly agree,Strongly agree,Strongly disagree,Strongly disagree,Strongly disagree,Strongly approve,50,100,23,0,50,20,42,Male,,Very conservative,,Republican,,Strong Republican,,,1991,White or European American,,Yes,0,12345678,"apple, tree, happy","fun, good, bottle"
2/12/20 19:26,2/12/20 19:33,IP Address,00.000.0.00,100,415,TRUE,2/12/20 19:33,R_0000000000000000,,,,,0,0,anonymous,EN,Yes,Somewhat agree,Somewhat agree,Neither agree nor disagree,Slightly agree,Somewhat agree,Slightly disagree,Slightly agree,Strongly agree,Somewhat disagree,Strongly disagree,Somewhat disagree,Slightly disagree,Neither agree nor disagree,Slightly agree,Somewhat disagree,Slightly agree,Somewhat agree,Strongly agree,Slightly disagree,Somewhat agree,Slightly disagree,Strongly agree,Strongly agree,Slightly agree,Slightly agree,Somewhat disagree,Somewhat disapprove,50,20,55,55,40,35,50,Male,,Slightly liberal,,Democrat,,,Not very strong Democrat,,1993,"Black, Afro-Caribbean, or African American",,Yes,2,12345678,"happy,tree,fun","apple, good, bottle"
2/12/20 19:28,2/12/20 19:35,IP Address,00.000.0.00,100,428,TRUE,2/12/20 19:35,R_0000000000000000,,,,,0,0,anonymous,EN,Yes,Slightly agree,Somewhat agree,Somewhat agree,Slightly agree,Somewhat agree,Slightly disagree,Somewhat agree,Somewhat agree,Somewhat disagree,Strongly agree,Slightly agree,Strongly agree,Somewhat agree,Somewhat agree,Slightly agree,Somewhat agree,Strongly agree,Slightly disagree,Somewhat agree,Strongly agree,Slightly disagree,Strongly agree,Slightly agree,Somewhat agree,Somewhat disagree,Slightly disagree,Strongly disapprove,22,0,87,16,7,0,18,Male,,Very liberal,,Democrat,,,Strong Democrat,,1995,Hispanic American or Latino American,,Yes,1,12345678,"happy, tree, bottle","apple, good , fun"
2/12/20 19:32,2/12/20 19:37,IP Address,00.000.0.00,100,321,TRUE,2/12/20 19:37,R_0000000000000000,,,,,0,0,anonymous,EN,Yes,Slightly agree,Somewhat agree,Slightly agree,Slightly agree,Somewhat agree,Somewhat agree,Somewhat agree,Slightly agree,Somewhat agree,Somewhat disagree,Slightly agree,Neither agree nor disagree,Somewhat agree,Slightly agree,Neither agree nor disagree,Somewhat disagree,Somewhat disagree,Strongly agree,Strongly agree,Strongly disagree,Strongly disagree,Strongly agree,Strongly agree,Somewhat agree,Somewhat agree,Slightly agree,Somewhat disapprove,72,5,86,68,65,56,62,Male,,Somewhat liberal,,Democrat,,,Not very strong Democrat,,1980,White or European American,,Yes,2,12345678,"apple, good, bottle","happy, tree, fun"
2/12/20 19:38,2/12/20 19:43,IP Address,00.000.0.00,100,271,TRUE,2/12/20 19:43,R_0000000000000000,,,,,0,0,anonymous,EN,Yes,Slightly disagree,Neither agree nor disagree,Slightly disagree,Slightly disagree,Neither agree nor disagree,Slightly agree,Somewhat agree,Neither agree nor disagree,Neither agree nor disagree,Strongly disagree,Slightly disagree,Slightly agree,Neither agree nor disagree,Somewhat agree,Slightly agree,Slightly agree,Slightly agree,Slightly disagree,Somewhat agree,Somewhat disagree,Somewhat disagree,Somewhat agree,Somewhat agree,Strongly agree,Somewhat agree,Somewhat agree,Somewhat disapprove,51,7,62,80,46,44,49,Female,,Slightly conservative,,Independent voter,,,,Republican Party,1983,White or European American,,Yes,0,12345678,"happy, good, bottle","apple, tree, fun"
2/12/20 19:55,2/12/20 19:57,IP Address,00.000.0.00,100,136,TRUE,2/12/20 19:57,R_0000000000000000,,,,,0,0,anonymous,EN,Yes,Somewhat disagree,Slightly agree,Strongly disagree,Neither agree nor disagree,Somewhat disagree,Neither agree nor disagree,Somewhat agree,Strongly disagree,Somewhat disagree,Slightly disagree,Neither agree nor disagree,Somewhat agree,Neither agree nor disagree,Somewhat agree,Strongly agree,Strongly disagree,Strongly disagree,Strongly agree,Strongly disagree,Strongly disagree,Strongly disagree,Strongly agree,Strongly agree,Strongly disagree,Strongly disagree,Slightly disagree,Strongly disapprove,71,0,82,57,0,20,57,Male,,Somewhat liberal,,Democrat,,,Not very strong Democrat,,1976,White or European American,,Yes,1,12345678,"apple, tree, happy","fun, good, bottle"
2/12/20 18:48,2/12/20 18:48,IP Address,00.000.0.00,95,24,FALSE,2/12/20 22:49,R_0000000000000000,,,,,0,0,anonymous,EN,Yes,Strongly disagree,Strongly disagree,Somewhat agree,Somewhat agree,Strongly agree,Strongly disagree,Somewhat agree,Somewhat disagree,Strongly agree,Somewhat agree,Strongly agree,Strongly agree,Strongly disagree,Somewhat agree,Strongly agree,Somewhat agree,Strongly disagree,Strongly agree,Somewhat agree,Strongly agree,Strongly agree,Strongly disagree,Somewhat agree,Strongly disagree,Strongly agree,Strongly agree,Strongly approve,50,50,50,50,50,50,50,Female,,,,,,,,,,,,,0,12345678,"happy,tree,fun","apple, good, bottle"